Timestamp,pH,Turbidity (NTU),Chlorine (mg/L),Contamination_Flag
2024-01-01 00:00:00,0.5269216393004301,0.6798426555569876,0.7813129995429944,0
2024-01-01 01:00:00,0.4374123978508324,0.8643405945525002,0.6949675894712573,1
2024-01-01 02:00:00,0.5482036254822713,0.24362049285060688,0.5376352886111446,0
2024-01-01 03:00:00,0.6715954301885612,0.6116891563140434,0.4091203645890236,1
2024-01-01 04:00:00,0.4238954695512578,0.3839633889792244,0.6537866323519257,0
2024-01-01 05:00:00,0.4238977838699589,0.41464624516893933,0.598358960941173,0
2024-01-01 06:00:00,0.6795152171014167,0.39489333979929325,0.6896127709468456,1
2024-01-01 07:00:00,0.5650835537018226,0.3439300913062112,0.6423184225821954,0
2024-01-01 08:00:00,0.3907236271494159,0.5151566605900362,0.717688657118676,0
2024-01-01 09:00:00,0.5333842694288937,0.35012993880509025,0.4294373554574992,0
2024-01-01 10:00:00,0.391577404161088,0.5568012482444487,0.7664053444163803,0
2024-01-01 11:00:00,0.3912514863236356,0.4966250865956906,0.5627300100169215,0
2024-01-01 12:00:00,0.491010739464659,0.46121498668051464,0.9042509765641569,1
2024-01-01 13:00:00,0.18719866285568365,0.3357539428042263,0.4014354768001562,1
2024-01-01 14:00:00,0.2137510230462396,0.3978248102368289,0.8425374688683869,1
2024-01-01 15:00:00,0.3776402949526232,0.6477957967719186,0.5627866091896261,0
2024-01-01 16:00:00,0.3141297698109844,0.6000455233000758,0.4083052907363259,1
2024-01-01 17:00:00,0.5012003465895116,0.32262051182245066,0.4387771066346858,0
2024-01-01 18:00:00,0.32890381295845206,0.5246909288490625,0.46852253323173404,0
2024-01-01 19:00:00,0.25781842968631685,0.647044454951204,0.6039393363896652,1
2024-01-01 20:00:00,0.6635067500441627,0.19279969131982716,0.6218859798034546,1
2024-01-01 21:00:00,0.4250763372729325,0.6080096562952102,0.4224411345228048,0
2024-01-01 22:00:00,0.4664217775772317,0.3817152025054346,0.5223595698489847,0
2024-01-01 23:00:00,0.2560642026029598,0.6131207658501593,0.916439087813409,1
2024-01-02 00:00:00,0.3801642317537197,0.36283167399245575,0.8410058706018309,1
2024-01-02 01:00:00,0.4725388331417184,0.16737841366021233,0.6061506603775524,0
2024-01-02 02:00:00,0.29465380704517385,0.20065496106389247,0.5337016520704716,1
2024-01-02 03:00:00,0.5098626944720994,0.5150747204013564,0.5486213985652417,0
2024-01-02 04:00:00,0.3722341535656635,0.5547870274109803,0.6383798865324397,0
2024-01-02 05:00:00,0.41578433555716465,0.33636322657564705,0.3407573248762003,0
2024-01-02 06:00:00,0.37208361473191354,0.6258793250282642,0.47997605728594434,0
2024-01-02 07:00:00,0.7180076633954457,0.1942792974880998,0.22329666037896567,1
2024-01-02 08:00:00,0.455000091253442,0.4936525044147515,0.5994025770513729,0
2024-01-02 09:00:00,0.30780332266990107,0.27881319645418445,0.644505449235449,1
2024-01-02 10:00:00,0.5728521175633783,0.3837394297934938,0.4389043128149504,0
2024-01-02 11:00:00,0.2848074461681178,0.5149459456326986,0.8130760552676579,1
2024-01-02 12:00:00,0.48634501039547295,0.3446013662206553,0.303839287672716,0
2024-01-02 13:00:00,0.1806593497927793,0.4338927581820947,0.26043952655526403,1
2024-01-02 14:00:00,0.2696760088097516,0.6948757240839805,0.5676140613581315,1
2024-01-02 15:00:00,0.484653107221813,0.39780219194500965,0.7172422329343013,0
2024-01-02 16:00:00,0.5610000811993996,0.6628636964486918,0.8330728101095488,1
2024-01-02 17:00:00,0.481059512792571,0.29407032638387876,0.4433245513214639,0
2024-01-02 18:00:00,0.44060044726028424,0.6054659649919601,0.7229866643903748,0
2024-01-02 19:00:00,0.4144578699035131,0.7765521857733866,0.5197851726891487,1
2024-01-02 20:00:00,0.24848402033381856,0.042265112750930145,0.49539078729794367,1
2024-01-02 21:00:00,0.35543044083320185,0.35652009528019,0.6875150242083088,0
2024-01-02 22:00:00,0.3919691327078483,0.614335465078579,0.6454379694369374,0
2024-01-02 23:00:00,0.6059191252854261,0.46795186988008236,0.24006511223073063,1
2024-01-03 00:00:00,0.5053406005808112,0.5756948438037208,0.7953518821618086,0
2024-01-03 01:00:00,0.20837713960484483,0.39271832046502125,0.7778091257791702,1
2024-01-03 02:00:00,0.5025869604069428,0.5222998844759912,0.41300801742939136,0
2024-01-03 03:00:00,0.40261989433699163,0.4768401720559081,0.5987806004372997,0
2024-01-03 04:00:00,0.3614809363453868,0.7251780528462062,0.6166466884231101,0
2024-01-03 05:00:00,0.5431271869150875,0.5537922082883263,0.5742023393670936,0
2024-01-03 06:00:00,0.6022367587744784,0.5694006948059158,0.4266963385643942,1
2024-01-03 07:00:00,0.5881798910248137,0.42876608445052594,0.4046302106400996,0
2024-01-03 08:00:00,0.33860307481913665,0.414556018848188,0.5221414010331413,0
2024-01-03 09:00:00,0.4133148361287087,0.4248853978439444,0.7400927462351425,0
2024-01-03 10:00:00,0.5035990076570305,0.5800681021783605,0.6256627893453823,0
2024-01-03 11:00:00,0.5944196732777298,0.42705712301562965,0.4593796474098015,0
2024-01-03 12:00:00,0.38935629510697045,0.5604261416727689,0.6671508046024281,0
2024-01-03 13:00:00,0.4307314444670547,0.8954863609374863,0.008678299626268066,1
2024-01-03 14:00:00,0.30094907216741573,0.6695123744023554,0.7357341454758781,1
2024-01-03 15:00:00,0.28828038526470445,0.4448758808714323,0.21035913752395913,1
2024-01-03 16:00:00,0.5714397844141836,0.7314513076466895,0.46086627566042876,1
2024-01-03 17:00:00,0.6480840324822577,0.4294794268074927,0.3231366604103985,1
2024-01-03 18:00:00,0.44675186648788623,0.12361210212615907,0.29130444160011,0
2024-01-03 19:00:00,0.5983649475070472,0.31689157080015073,0.7379278926455,1
2024-01-03 20:00:00,0.5078804565786932,0.15501089684404365,0.4417208705136158,0
2024-01-03 21:00:00,0.36596391505171333,0.44009286967962297,0.5898136664173801,0
2024-01-03 22:00:00,0.5078465660262759,0.5095079965038511,0.5182551247647953,0
2024-01-03 23:00:00,0.673710839341569,0.8206236530789381,0.6135565558064602,1
2024-01-04 00:00:00,0.45185252738927617,0.5673975516175347,0.5407621917520082,0
2024-01-04 01:00:00,0.677461486893526,0.4649392346300645,0.29343055697017983,1
2024-01-04 02:00:00,0.08761239616893546,0.6616840728968743,0.7079966796718349,1
2024-01-04 03:00:00,0.5727615610601582,0.09114784045785673,0.4369817520448371,0
2024-01-04 04:00:00,0.4691732389202652,0.5502633404034682,0.24366832793639515,0
2024-01-04 05:00:00,0.4147533795551839,0.6506993786533526,0.4489210311558071,0
2024-01-04 06:00:00,0.46983770312582784,0.22860554870941557,0.7997570680222896,1
2024-01-04 07:00:00,0.17672661856645178,0.7206693632359775,0.6814330726878324,1
2024-01-04 08:00:00,0.42593684103035945,0.5695683998829587,0.46337427152367744,0
2024-01-04 09:00:00,0.5072428114868575,0.42812604395616033,0.46326412661910826,0
2024-01-04 10:00:00,0.6652328957783467,0.6247890079529366,0.4682883103453111,1
2024-01-04 11:00:00,0.3838451607860798,0.9321315499619951,0.9045214617537716,1
2024-01-04 12:00:00,0.3429340482323824,0.5401778472528592,0.5962581856767324,0
2024-01-04 13:00:00,0.3861729275482595,0.5526287734268359,0.6050080461974059,0
2024-01-04 14:00:00,0.5859416609668449,0.4198560564482852,0.7141838413928858,0
2024-01-04 15:00:00,0.503244860186213,0.346584564366347,0.5702218279758249,0
2024-01-04 16:00:00,0.38222548396239087,0.6618586250562357,0.47967310584338624,0
2024-01-04 17:00:00,0.529255059490807,0.3454137740035026,0.4910759792699774,0
2024-01-04 18:00:00,0.47058717784938064,0.5194808203459407,0.5137660457092341,0
2024-01-04 19:00:00,0.5934470009170303,0.4164228373279648,0.5200191209213179,0
2024-01-04 20:00:00,0.3579383513843408,0.5959291307740321,0.659135224385863,0
2024-01-04 21:00:00,0.4107140786170731,0.568661276884934,0.5362375857951647,0
2024-01-04 22:00:00,0.40162949768152423,0.700739030431782,0.6600465720820132,0
2024-01-04 23:00:00,0.25059947631194834,0.41035090628752047,0.5121080932408393,1
2024-01-05 00:00:00,0.49864508037601984,0.45541177237048763,0.5410920061466855,0
2024-01-05 01:00:00,0.4937021693717476,0.32239375069441933,0.1633438960634483,0
2024-01-05 02:00:00,0.4576235314068007,0.4226833936103499,0.693456839901794,0
2024-01-05 03:00:00,0.4238343251019634,0.576849715139928,0.5898108643065985,0
2024-01-05 04:00:00,0.2573860866893267,0.6480955359870324,0.7083137604130851,1
2024-01-05 05:00:00,0.3976067778708574,0.33301404302872534,0.0,0
2024-01-05 06:00:00,0.4085922330560323,0.6692273853336257,0.9066362037131492,1
2024-01-05 07:00:00,0.3438103288492662,0.7604278793131944,0.5013998890424376,1
2024-01-05 08:00:00,0.4341672027155985,0.5836300844851808,0.7283526726400342,0
2024-01-05 09:00:00,0.5138594301842714,0.8582195243455386,0.33764463782979887,1
2024-01-05 10:00:00,0.722787438175609,0.36085578515320704,0.6382445507754324,1
2024-01-05 11:00:00,0.481511941911668,0.27250116653160594,0.33518741935293456,0
2024-01-05 12:00:00,0.4932081064968057,0.1722875021664932,0.41333427441029663,0
2024-01-05 13:00:00,0.4464085066644716,0.7867741681537765,0.8749255268556737,1
2024-01-05 14:00:00,0.18642463247137364,0.6288390552354605,0.492106810795193,1
2024-01-05 15:00:00,0.4531652092606644,0.4956218417314345,0.5663374109572621,0
2024-01-05 16:00:00,0.46539302145236583,0.5585860710900478,0.6850427872386202,0
2024-01-05 17:00:00,0.8041317159298611,0.2948617684354093,0.6169471104253126,1
2024-01-05 18:00:00,0.42978670395084917,0.9649801698030047,0.5541484844843483,1
2024-01-05 19:00:00,0.4994101023894908,0.5302993674895033,0.5931707648572973,0
2024-01-05 20:00:00,0.4520095995049205,0.5265790845656231,0.9639378415715079,1
2024-01-05 21:00:00,0.2921609309368991,0.6422369474153797,0.5163092648448928,1
2024-01-05 22:00:00,0.6179998417249233,0.5963099346144085,0.5633665107757819,1
2024-01-05 23:00:00,0.5628983691767022,0.548062187773972,0.7178890378049603,0
2024-01-06 00:00:00,0.5684099170764458,0.3577249134977052,0.7278694217300461,0
2024-01-06 01:00:00,0.3287116252648745,0.5945196562246562,0.7426939550920415,0
2024-01-06 02:00:00,0.6546465205057479,0.8592006503130372,0.6429656506936323,1
2024-01-06 03:00:00,0.25929187770800954,0.758510578233017,0.31889233899125075,1
2024-01-06 04:00:00,0.5396285684866369,0.8050022441763693,0.8238882477091527,1
2024-01-06 05:00:00,0.765678582064957,0.41012587023807384,0.3182847512030574,1
2024-01-06 06:00:00,0.3172725381896824,0.3203594932623541,0.5818345999813825,0
2024-01-06 07:00:00,0.3770750001932792,0.4824488806670543,0.38959685182825526,0
2024-01-06 08:00:00,0.4709499937732362,0.5165083065172466,0.5151234477302693,0
2024-01-06 09:00:00,0.38593066495805206,0.711369302110586,0.5865867348225935,0
2024-01-06 10:00:00,0.23831465853659406,0.188472765833824,0.585239830912432,1
2024-01-06 11:00:00,0.4665676431380803,0.7930613362079098,0.6035309665670956,1
2024-01-06 12:00:00,0.30715590435481643,0.4764028394095906,0.8203014008810547,1
2024-01-06 13:00:00,0.5236623037792683,0.4259506693067838,0.6092810394939834,0
2024-01-06 14:00:00,0.32729679849670656,0.3161376091286556,0.48238057711661025,0
2024-01-06 15:00:00,0.6753880088527975,0.19552963609336915,0.7021436401728638,1
2024-01-06 16:00:00,0.34649202888042296,0.6605141192759469,0.7431377911530734,0
2024-01-06 17:00:00,0.4115035671024423,0.5198095202229882,0.30350422533303995,0
2024-01-06 18:00:00,0.5715795356319577,0.26399977564405247,0.6354482599049482,0
2024-01-06 19:00:00,0.2833948907530335,0.2630394426972278,0.654323093191093,1
2024-01-06 20:00:00,0.48896642887087793,0.44304426613073855,0.4726665964776093,0
2024-01-06 21:00:00,0.6411630735901075,0.8192321325172041,0.7770116376221217,1
2024-01-06 22:00:00,0.23030509935130117,0.45734141497131153,0.49949627391617385,1
2024-01-06 23:00:00,0.4829294845333143,0.2239976543275055,0.5496299814660819,0
2024-01-07 00:00:00,0.4935368919366283,0.459939949223759,0.4953099343848623,0
2024-01-07 01:00:00,0.5671117669800805,0.45487724603854646,0.5296229540970705,0
2024-01-07 02:00:00,0.282536926917776,0.0,0.32739185674687893,1
2024-01-07 03:00:00,0.2707655826874189,0.49586386450479575,0.2648637298542393,1
2024-01-07 04:00:00,0.5304778017988507,0.46271866703463804,0.8168080540820064,1
2024-01-07 05:00:00,0.4987669293062531,0.6366901715430857,0.37273862425304155,0
2024-01-07 06:00:00,0.4922132458342534,0.8529955960470679,0.3464685957071952,1
2024-01-07 07:00:00,0.505739518031469,0.7174439650431503,0.1351170562603356,0
2024-01-07 08:00:00,0.3610435636665106,0.45559683429785913,0.4105709137406987,0
2024-01-07 09:00:00,0.48964217786256325,0.2984200687569949,0.28613735620510256,0
2024-01-07 10:00:00,0.4982154491005395,0.9889248854160071,0.8254494925006606,1
2024-01-07 11:00:00,0.35620472773392,0.5171638414353266,0.7104612888911459,0
2024-01-07 12:00:00,0.7199101625299775,0.508665650673162,0.4016241789679376,1
2024-01-07 13:00:00,0.5236962043031248,0.5015250126026145,0.9364766795189645,1
2024-01-07 14:00:00,0.2889715507124324,0.5432211364166588,0.7053590851487861,1
2024-01-07 15:00:00,0.5494532832204069,0.4789636948296086,0.46770694111106476,0
2024-01-07 16:00:00,0.31950747722501394,0.3984082530802264,0.07218153929342153,0
2024-01-07 17:00:00,0.5678534829136033,0.40343766088635197,0.9434805351095392,1
2024-01-07 18:00:00,0.6202232371424796,0.49990599438846445,0.2740450649857102,1
2024-01-07 19:00:00,0.3412158754853343,0.4040820588882041,0.22751375501413834,0
2024-01-07 20:00:00,0.5927042800040043,0.3722913910061175,0.7127809479205602,0
2024-01-07 21:00:00,0.5150900576949713,0.5260228043186405,0.9705470135641283,1
2024-01-07 22:00:00,0.5727837848612922,0.4582072249343207,0.778569677096514,0
2024-01-07 23:00:00,0.72428265712003,0.788265681817161,0.6293567130744491,1
2024-01-08 00:00:00,0.4223117730286614,0.008615972859754031,0.6349670380454739,0
2024-01-08 01:00:00,0.35065288775326686,0.7108655432093767,0.6820139843643171,0
2024-01-08 02:00:00,0.3315130107236868,0.7398710876942187,0.6648280938483349,1
2024-01-08 03:00:00,0.341902657863304,0.11699474068990427,0.5779342214487009,0
2024-01-08 04:00:00,0.44603413478884657,0.4417489862023416,0.5457420970255205,0
2024-01-08 05:00:00,0.5049929384496679,0.4363536358283825,0.5154045019282405,0
2024-01-08 06:00:00,0.4959062192346262,0.24194219111933474,0.38965346598520095,0
2024-01-08 07:00:00,0.5735059571034631,0.36010005510690196,0.4757383708375153,0
2024-01-08 08:00:00,0.4587355185136035,0.2976601264560472,0.21886359144747414,0
2024-01-08 09:00:00,0.6617990119893196,0.8348532097604484,0.5089027014907108,1
2024-01-08 10:00:00,0.4195955733654124,0.681625422787687,0.34697810346347063,0
2024-01-08 11:00:00,0.8403492372792591,0.7446503367606736,0.3260614980441188,1
2024-01-08 12:00:00,0.5450994255999246,0.6414686318959382,0.5595096295846052,0
2024-01-08 13:00:00,0.33607417206319856,0.29419324820980053,0.7799755618376438,0
2024-01-08 14:00:00,0.30594519308463375,0.40762935700556074,0.6938185993690185,1
2024-01-08 15:00:00,0.5249140638683087,0.597879630186146,0.24113670540501708,0
2024-01-08 16:00:00,0.42540246012915306,0.2767281807158579,0.3467894819609096,0
2024-01-08 17:00:00,0.5575512385244674,0.6398410851636447,0.6979027814705545,0
2024-01-08 18:00:00,0.5236122888201309,0.4609565363438455,0.34808828569287736,0
2024-01-08 19:00:00,0.44663644624380705,0.4357194134351914,0.4859316327205799,0
2024-01-08 20:00:00,0.3375351024347959,0.6394585820322292,0.6268363100093675,0
2024-01-08 21:00:00,0.24336346207250115,0.5894148196810889,0.3506606932769732,1
2024-01-08 22:00:00,0.3939600857978871,0.4383191400562745,0.5459557047615318,0
2024-01-08 23:00:00,0.577624303607966,0.7235920456923124,0.28414830130282,0
2024-01-09 00:00:00,0.48708227427868467,0.3031979440224333,0.41740876829116885,0
2024-01-09 01:00:00,0.2812981238049479,0.6216279252442658,0.5849533087350878,1
2024-01-09 02:00:00,0.4813150308303451,0.6173432193628474,0.23704551196229418,0
2024-01-09 03:00:00,0.5112186802303009,0.44796769210433207,0.6069056830632604,0
2024-01-09 04:00:00,0.3323104443798468,0.5672484971101348,0.5232174902023765,0
2024-01-09 05:00:00,0.4785724563853937,0.2712892041727821,0.627279722644118,0
2024-01-09 06:00:00,0.46510806348391154,0.6794391239576894,0.5675162638843956,0
2024-01-09 07:00:00,0.29578480238125016,0.47135632377326303,0.7749078703002803,1
2024-01-09 08:00:00,0.5073379325677374,0.40796659760258874,0.5495659664131447,0
2024-01-09 09:00:00,0.5359532693987483,0.7028911609036868,0.44868632861027485,0
2024-01-09 10:00:00,0.6095741888927195,0.3738867491313316,0.5490335851179229,1
2024-01-09 11:00:00,0.6054510995268596,0.2417640050120454,0.6256078368284601,1
2024-01-09 12:00:00,0.2627006314183218,0.21396133915208082,0.5356763180607447,1
2024-01-09 13:00:00,0.32470294330721483,0.6197654453914238,0.5341724127090772,0
2024-01-09 14:00:00,0.5295042608421863,0.2657883038206965,0.399106627589684,0
2024-01-09 15:00:00,0.5293281519470101,0.8353267716502919,0.40621670535974735,1
2024-01-09 16:00:00,0.529506011490541,0.11539242413508173,0.2716745755642339,0
2024-01-09 17:00:00,1.0,0.8243800889264192,0.8450134769286046,1
2024-01-09 18:00:00,0.537377851579556,0.5456478683275273,0.3005475861714993,0
2024-01-09 19:00:00,0.6169768398175943,0.4879043774384627,0.40075933615007503,1
2024-01-09 20:00:00,0.5913828298635675,0.40380166100303033,0.3961208579625393,0
2024-01-09 21:00:00,0.5487255755549247,0.5809470167594443,0.6895638720579871,0
2024-01-09 22:00:00,0.4124610343543289,0.4989900277753108,0.47314201559544505,0
2024-01-09 23:00:00,0.5638902198908586,0.7130787981118445,0.7537365972019088,0
2024-01-10 00:00:00,0.34796201471598565,0.527485935828365,0.4042905821941994,0
2024-01-10 01:00:00,0.42351976720336393,0.5342549907921695,0.577534569515777,0
2024-01-10 02:00:00,0.3884838238631052,0.43782262795679755,0.37485110606321176,0
2024-01-10 03:00:00,0.46844404104819115,0.49536646845505505,0.9169626966470732,1
2024-01-10 04:00:00,0.783186752537949,0.5638087656281582,0.3107813886121436,1
2024-01-10 05:00:00,0.19368513870154525,0.1851507785382755,0.5831414980119738,1
2024-01-10 06:00:00,0.5536408482947093,0.2530743512458285,0.6420647055295576,0
2024-01-10 07:00:00,0.2295674848191731,0.6455202253064869,0.6020537480068935,1
2024-01-10 08:00:00,0.39037721042266993,0.5381136208957791,0.49308804074040197,0
2024-01-10 09:00:00,0.6104057866886663,0.47152873018410263,0.5031767238388434,1
2024-01-10 10:00:00,0.46596389963420304,0.5095109150798685,0.5347580469026374,0
2024-01-10 11:00:00,0.3049792668092439,0.5712731924849903,0.5000516794392205,1
2024-01-10 12:00:00,0.35607048874455427,0.40476978754768306,0.7021057984447798,0
2024-01-10 13:00:00,0.5527016824449791,0.3600084782249324,0.9288533123585125,1
2024-01-10 14:00:00,0.3539471556546272,0.5428009088407981,0.4253891884075885,0
2024-01-10 15:00:00,0.48741563286926404,0.3224671075072791,0.27764086497727725,0
2024-01-10 16:00:00,0.46332671577809426,0.5826576907491218,0.5107320377878419,0
2024-01-10 17:00:00,0.3650503833250611,0.1865740110368948,0.9960032698516765,1
2024-01-10 18:00:00,0.7591221196811144,0.699165773875958,0.3806118990102329,1
2024-01-10 19:00:00,0.5462626164531965,0.5947315286857674,0.8249223213261703,1
2024-01-10 20:00:00,0.1714300752552278,0.5540941054342352,0.8319402260709974,1
2024-01-10 21:00:00,0.48318610372378235,0.6904470066439179,0.4260991896753827,0
2024-01-10 22:00:00,0.363614505281433,0.8185665476084074,0.630279597013575,1
2024-01-10 23:00:00,0.5770653157053904,0.696391364643052,0.8229724664250344,1
2024-01-11 00:00:00,0.3451856505855293,0.1606247420702264,0.45783117448432425,0
2024-01-11 01:00:00,0.44072898420300133,0.2659482480470662,0.4897608479662335,0
2024-01-11 02:00:00,0.5280878540358187,0.388809080356815,0.42098951588044736,0
2024-01-11 03:00:00,0.5789432211987213,0.5109477195581758,0.342218933534916,0
2024-01-11 04:00:00,0.28770387220448135,0.6031870111406687,0.40869461094269294,1
2024-01-11 05:00:00,0.4097500117478259,0.3698711657963294,0.3041713023437817,0
2024-01-11 06:00:00,0.3899524224513964,0.5410973935709923,0.5329886557511399,0
2024-01-11 07:00:00,0.3648066724069805,0.36430959237508437,0.38674171238625293,0
2024-01-11 08:00:00,0.7057685939651255,0.3913048777040787,0.5693118055660245,1
2024-01-11 09:00:00,0.5139906473113998,0.2421017998604662,0.24379314789519912,0
2024-01-11 10:00:00,0.2791631959617875,0.33281365494701365,0.5869719377334504,1
2024-01-11 11:00:00,0.586288408888771,0.2524177539334219,0.678396883663942,0
2024-01-11 12:00:00,0.7560508064722207,0.32293612582381687,0.1641560262767715,1
2024-01-11 13:00:00,0.6024433753937015,0.7037604304085623,0.5948251244675331,1
2024-01-11 14:00:00,0.24272591738493055,0.3279038550934527,0.7500855777828499,1
2024-01-11 15:00:00,0.3886430394183671,1.0,0.3067721404744526,1
2024-01-11 16:00:00,0.6354918568256558,0.5986195702922255,0.8310074351265619,1
2024-01-11 17:00:00,0.3571466439319664,0.5407351223311537,0.6030031787656742,0
2024-01-11 18:00:00,0.5194653757561039,0.3449870823883797,0.3985573002452905,0
2024-01-11 19:00:00,0.5660984008209482,0.6374601673568809,0.516645703562504,0
2024-01-11 20:00:00,0.3262386876168779,0.3980375043967056,0.6283413856861231,0
2024-01-11 21:00:00,0.44851177170022827,0.5289462048465063,0.5406136816060731,0
2024-01-11 22:00:00,0.0,0.986433874789787,0.6247817023425395,1
2024-01-11 23:00:00,0.312500713861636,0.488026948129032,0.35933137263258824,1
2024-01-12 00:00:00,0.4212996449522932,0.7217050181037277,0.5575937610946229,0
2024-01-12 01:00:00,0.28100993609845926,0.3741057783229293,0.26965395908758644,1
2024-01-12 02:00:00,0.6870143004384253,0.4994865709359181,0.5065588348629149,1
2024-01-12 03:00:00,0.25530395554401997,0.8383302707284668,0.36238087048306994,1
2024-01-12 04:00:00,0.3948721898909999,0.3884059330940482,0.39300647662773175,0
2024-01-12 05:00:00,0.47533246026925724,0.8461452120731596,0.7516178216864211,1
2024-01-12 06:00:00,0.6600706795799458,0.6388566171241101,0.7252837594161681,1
2024-01-12 07:00:00,0.2544975312189941,0.400508959875068,0.6375832512428108,1
2024-01-12 08:00:00,0.6208671860994168,0.6247188056285138,0.3281125490987698,1
2024-01-12 09:00:00,0.45834521243597504,0.6885449568741242,0.46923895785252306,0
2024-01-12 10:00:00,0.31854511721008505,0.6227302069258717,0.7474352584832957,0
2024-01-12 11:00:00,0.522042772024887,0.21141022996392766,0.5525657109564632,0
2024-01-12 12:00:00,0.4849630113755663,0.3696097110362479,0.948643737177064,1
2024-01-12 13:00:00,0.37229361407165795,0.45960677565662994,0.5983284866047271,0
2024-01-12 14:00:00,0.4667423133365911,0.49208500408575956,0.5617204519416412,0
2024-01-12 15:00:00,0.4025872869950735,0.622516694579448,0.47056527052452085,0
2024-01-12 16:00:00,0.47290460082836416,0.5393962664481308,0.5510786064955884,0
2024-01-12 17:00:00,0.5502394499537653,0.2554838869813541,0.49905715489886066,0
2024-01-12 18:00:00,0.680474337732857,0.5773933840971472,0.6555846450231679,1
2024-01-12 19:00:00,0.28241502276055863,0.6206240611207265,0.7008004364422258,1
2024-01-12 20:00:00,0.7575840993163796,0.6110926788358295,0.3838285787687115,1
2024-01-12 21:00:00,0.1817281862189204,0.7088528606151994,0.2846562264759186,1
2024-01-12 22:00:00,0.4355064497125496,0.6625315762998885,0.19280863301048862,0
2024-01-12 23:00:00,0.5398343921298516,0.5922138468197704,0.6191860294232268,0
2024-01-13 00:00:00,0.4965125159803194,0.49288581145266314,0.32610200614405555,0
2024-01-13 01:00:00,0.36912436592286646,0.19438421408803624,0.13520791225152629,0
2024-01-13 02:00:00,0.4275649266497452,0.5866667705290386,0.5974664844433746,0
2024-01-13 03:00:00,0.38740722559857454,0.5450230583916651,0.9802319365888961,1
2024-01-13 04:00:00,0.37382337471491867,0.557011785839204,0.5256851219166279,0
2024-01-13 05:00:00,0.5766662124855055,0.2664789758205154,0.6792993697229617,0
2024-01-13 06:00:00,0.5072291258986557,0.303199217591474,0.5416729817679853,0
2024-01-13 07:00:00,0.35922725751963647,0.7036686836226991,0.5088026591935555,0
2024-01-13 08:00:00,0.5837141102375751,0.49862966849580875,0.6939568106252028,0
2024-01-13 09:00:00,0.5002209537414934,0.6339307558995595,0.47399235870311446,0
2024-01-13 10:00:00,0.5714871901796461,0.5113656616890293,0.575424351628111,0
2024-01-13 11:00:00,0.5456578545274091,0.5116354479287777,0.5853017797221929,0
2024-01-13 12:00:00,0.34004408327494406,0.6821143102826517,0.4052727995486332,0
2024-01-13 13:00:00,0.37793723453413186,0.40921973244488297,0.7072283062321403,0
2024-01-13 14:00:00,0.5622443758967166,0.5240883079897405,0.4949665452374285,0
2024-01-13 15:00:00,0.5429430843463443,0.41930919170480846,0.3893296044817229,0
2024-01-13 16:00:00,0.45395634013325115,0.4245217382653108,0.6243731585075949,0
2024-01-13 17:00:00,0.4734416798649488,0.4480379298547393,0.363370270361097,0
2024-01-13 18:00:00,0.6370077503094871,0.5477337651063618,0.5319151059290963,1
2024-01-13 19:00:00,0.3735123185751794,0.41621808598998683,0.5251307168230572,0
2024-01-13 20:00:00,0.5340238716747283,0.7416857706472071,0.7242989257789492,1
2024-01-13 21:00:00,0.42840078778601964,0.33818511310779575,0.6131304698568969,0
2024-01-13 22:00:00,0.42621745633039,0.4709867594246879,0.5222372755590261,0
2024-01-13 23:00:00,0.6117909370466368,0.42353945887035016,0.675529870431528,1
2024-01-14 00:00:00,0.5732568874193338,0.7775671962734096,0.7796491236045153,1
2024-01-14 01:00:00,0.5715784669301969,0.5429340455717091,0.6282474220722016,0
2024-01-14 02:00:00,0.6409285165838567,0.6996703275568552,0.5286723381988863,1
2024-01-14 03:00:00,0.4598635071059054,0.22729690250680434,0.28818422542216443,0
2024-01-14 04:00:00,0.5530336845239869,0.5561620311027784,0.3330596945851982,0
2024-01-14 05:00:00,0.41316620617155775,0.6729849131701469,0.4712731285431641,0
2024-01-14 06:00:00,0.5025985734753409,0.5214919315590751,0.41592738427434744,0
2024-01-14 07:00:00,0.4385572030583449,0.7059818568568552,0.49278180884819905,0
2024-01-14 08:00:00,0.4705756773745051,0.4089863567321547,0.5370931863254962,0
2024-01-14 09:00:00,0.5407985618619802,0.7705061066133532,0.6231332229893765,1
2024-01-14 10:00:00,0.34156287795558815,0.9374240708239456,0.5139665720258715,1
2024-01-14 11:00:00,0.7518544537468368,0.437967798301289,0.6152773492668095,1
2024-01-14 12:00:00,0.3150902631797188,0.422456484180376,0.538516354286336,1
2024-01-14 13:00:00,0.28574556828260933,0.7787693485977254,0.16747892198448544,1
2024-01-14 14:00:00,0.6201549110095175,0.8024475820538144,0.35593704569254064,1
2024-01-14 15:00:00,0.568498829822973,0.4079408892659031,0.5005817773860994,0
2024-01-14 16:00:00,0.5448812791426487,0.4272067990346376,0.30676236878457747,0
2024-01-14 17:00:00,0.5454769505422292,0.4531770054221159,0.6359081886854996,0
2024-01-14 18:00:00,0.4551763602268175,0.25377518118633874,0.8052120293229661,1
2024-01-14 19:00:00,0.33042195586943723,0.3336733037802614,0.7484654904013059,0
2024-01-14 20:00:00,0.46758844727979176,0.3176319245675592,0.4879669918069604,0
2024-01-14 21:00:00,0.36144714564258584,0.3619800733675919,0.797932083294238,0
2024-01-14 22:00:00,0.5943597079866789,0.499543539936137,0.5538299199998793,0
2024-01-14 23:00:00,0.43617288815527444,0.5500006729252838,0.4654779988218026,0
2024-01-15 00:00:00,0.3405371499095775,0.7969924897117442,0.41521976242898645,1
2024-01-15 01:00:00,0.4115988130376056,0.3187177632314703,0.4717742287046804,0
2024-01-15 02:00:00,0.5151112766636672,0.6907531301705248,0.45618527073943943,0
2024-01-15 03:00:00,0.37743772604934445,0.46589840649090397,0.5577857236531116,0
2024-01-15 04:00:00,0.3409990616330316,0.496770397301374,0.5559955542397439,0
2024-01-15 05:00:00,0.49125389427297517,0.6326770744711361,0.5273433674037238,0
2024-01-15 06:00:00,0.49143423820131904,0.29538098146214953,0.6062624295567043,0
2024-01-15 07:00:00,0.3854418685348129,0.5778084307572775,0.7433516505593456,0
2024-01-15 08:00:00,0.39050317043372185,0.5372855091684725,0.699500279781111,0
2024-01-15 09:00:00,0.4896134550211557,0.5984569519443319,0.2567066568135323,0
2024-01-15 10:00:00,0.2527746397145656,0.5603123900453242,0.062265928177728636,1
2024-01-15 11:00:00,0.25850068620682554,0.9667718153021598,0.6967293822486664,1
2024-01-15 12:00:00,0.35562778892638125,0.3863844687892322,0.278172751823177,0
2024-01-15 13:00:00,0.4268143060926204,0.406414051664963,0.4859075779051533,0
2024-01-15 14:00:00,0.5007295589453391,0.389123954941477,0.3139617430294234,0
2024-01-15 15:00:00,0.6648751528673995,0.4018205200754031,0.19903368183028652,1
2024-01-15 16:00:00,0.5778020353652757,0.38645067992703486,0.6252740206473322,0
2024-01-15 17:00:00,0.43435710713125,0.729162552523763,0.6648693039339324,0
2024-01-15 18:00:00,0.4542221121056531,0.7725996035668836,0.42192996169101743,1
2024-01-15 19:00:00,0.315581948750175,0.39895536625665606,0.0555140961420586,1
2024-01-15 20:00:00,0.454293027244252,0.3498662146864061,0.42743492550904033,0
2024-01-15 21:00:00,0.4162121775889389,0.5945097485332833,0.5980531408557832,0
2024-01-15 22:00:00,0.5023944865865628,0.4024311244674339,0.25779550123841605,0
2024-01-15 23:00:00,0.34029275365280176,0.6248171453311515,0.5601400056119983,0
2024-01-16 00:00:00,0.530111992410149,0.544129002082426,0.5240046852136864,0
2024-01-16 01:00:00,0.6729640597621254,0.22163313443367233,0.6321545580430799,1
2024-01-16 02:00:00,0.4415714276756668,0.7964304442138979,0.548539375402427,1
2024-01-16 03:00:00,0.5135296958875206,0.8430358014185211,0.34980137372938763,1
2024-01-16 04:00:00,0.5541883253142683,0.3910664045547359,0.7444293684869594,0
2024-01-16 05:00:00,0.40034498679124675,0.4333024303381326,0.49795497147959716,0
2024-01-16 06:00:00,0.4884917385200538,0.5596925576885697,0.5218230146923497,0
2024-01-16 07:00:00,0.4586777949213292,0.5688103939108629,0.35704062929100694,0
2024-01-16 08:00:00,0.47067155186960297,0.6296231433623511,0.4461623443777288,0
2024-01-16 09:00:00,0.3479359970463629,0.883252738755153,0.36585579612372393,1
2024-01-16 10:00:00,0.4603577745437566,0.4728490068007348,0.4953328092061467,0
2024-01-16 11:00:00,0.5271026568428434,0.3562570218371246,0.83812575654084,1
2024-01-16 12:00:00,0.661462041344226,0.24723231031751708,0.2772592376900339,1
2024-01-16 13:00:00,0.5921255791531754,0.36889800661205296,0.23330453443524501,0
2024-01-16 14:00:00,0.7604243990311237,0.49983587169841276,0.7943751483842758,1
2024-01-16 15:00:00,0.34873416759904163,0.8427881483820334,0.4887162169545422,1
2024-01-16 16:00:00,0.5798687136758449,0.40892577638736394,0.4050941353059853,0
2024-01-16 17:00:00,0.48274737951402047,0.548044160414965,0.7159338124734271,0
2024-01-16 18:00:00,0.7655865757638742,0.5029702748814726,0.41663613400441896,1
2024-01-16 19:00:00,0.34296158101645524,0.7290456025830385,0.8589155914149735,1
2024-01-16 20:00:00,0.33853198389141403,0.9802131127653859,0.6500948045327397,1
2024-01-16 21:00:00,0.37240980125105394,0.40643810413604803,0.4380449096308518,0
2024-01-16 22:00:00,0.15750941639854665,0.4142120282284146,0.9191742684041899,1
2024-01-16 23:00:00,0.38279007132444853,0.7019814021668598,0.4166180575441943,0
2024-01-17 00:00:00,0.3498921747442869,0.6340040853327573,0.6617663612005791,0
2024-01-17 01:00:00,0.4781028595403969,0.8525736302328808,0.5812265748393806,1
2024-01-17 02:00:00,0.5050780809729374,0.6156219564381555,0.7635583179796057,0
2024-01-17 03:00:00,0.7213756727900149,0.4386332685275179,0.8108069199216543,1
2024-01-17 04:00:00,0.590878470419407,0.6168841643948535,0.5326104559592826,0
2024-01-17 05:00:00,0.3755799441166294,0.7140923890682351,0.38975290662486045,0
2024-01-17 06:00:00,0.33025839510628696,0.6600096592999214,0.6104519950137777,0
2024-01-17 07:00:00,0.5262457184807126,0.6012383405197519,0.4035221586270578,0
2024-01-17 08:00:00,0.27079707494855,0.706205961624186,0.8929970083387082,1
2024-01-17 09:00:00,0.7150728703187381,0.7254620559372251,0.5516232517848387,1
2024-01-17 10:00:00,0.6231615716716035,0.7654043842872913,0.46034233201992153,1
2024-01-17 11:00:00,0.3907657379302869,0.62777778978338,0.5603801658261562,0
2024-01-17 12:00:00,0.21541204720247809,0.4746933775232785,0.2817654455052039,1
2024-01-17 13:00:00,0.6477502779297271,0.5335817136081307,0.35006600062052556,1
2024-01-17 14:00:00,0.4407566972346737,0.7324448856842711,0.7451282497649656,1
2024-01-17 15:00:00,0.6313905258404926,0.3527596514715478,0.4073092309650969,1
2024-01-17 16:00:00,0.23214546838411176,0.5752308843687628,0.3363705137983775,1
2024-01-17 17:00:00,0.37241228539161564,0.43224463935394986,0.6243991516970564,0
2024-01-17 18:00:00,0.4576418910201623,0.5114456814492897,0.7424527463372985,0
2024-01-17 19:00:00,0.46352529966491685,0.7459444669671451,0.6575571359834647,1
2024-01-17 20:00:00,0.3934595896042814,0.5419103200305826,0.7079568222522532,0
2024-01-17 21:00:00,0.5447022708378881,0.5147654099507811,0.3891386367075161,0
2024-01-17 22:00:00,0.30640643768822007,0.25088442247433107,0.2681813762552949,1
2024-01-17 23:00:00,0.4368323041761202,0.6460811788197027,0.7998614455670723,1
2024-01-18 00:00:00,0.473860096680901,0.6271725085289648,0.46809827773104956,0
2024-01-18 01:00:00,0.5294201851094251,0.9119715354477869,0.4811662344727892,1
2024-01-18 02:00:00,0.5572149520293435,0.4482994832858138,0.7683697309277391,0
2024-01-18 03:00:00,0.2983684236123929,0.5471739427117011,0.6279599876177437,1
2024-01-18 04:00:00,0.24064751208300916,0.552847020521174,0.6097091036803861,1
2024-01-18 05:00:00,0.6370094314642749,0.8020499916744539,0.9205737259729265,1
2024-01-18 06:00:00,0.5037471019267237,0.4881703763139502,0.4097421517061716,0
2024-01-18 07:00:00,0.3513928974327418,0.5584083542959786,0.6955507980998945,0
2024-01-18 08:00:00,0.6755596427272925,0.6201194448750952,0.537159247450131,1
2024-01-18 09:00:00,0.4732087013918258,0.5410678132797058,0.5756426088517985,0
2024-01-18 10:00:00,0.6231414227174139,0.4222817710629089,0.8047968908243606,1
2024-01-18 11:00:00,0.4664204069429774,0.5424715461654244,0.6191577332494635,0
2024-01-18 12:00:00,0.7473944373923862,0.7075114053261455,0.6246980503705555,1
2024-01-18 13:00:00,0.7043429667442553,0.31343350000203996,0.7218637896746858,1
2024-01-18 14:00:00,0.42180768040593186,0.5310027458284843,0.46040941566768084,0
2024-01-18 15:00:00,0.5938594566407058,0.3746791422034658,0.37414854926222035,0
2024-01-18 16:00:00,0.5478776332498585,0.7302940582045478,0.3367528004797982,0
2024-01-18 17:00:00,0.6498307946762196,0.22023654698525225,0.16913590250373028,1
2024-01-18 18:00:00,0.320883035620225,0.4011741409378104,0.9007853607317173,1
2024-01-18 19:00:00,0.5536114247804034,0.5768330865957132,0.3261307879233369,0
2024-01-18 20:00:00,0.6061026974372874,0.7998115512460839,0.4865463224658257,1
2024-01-18 21:00:00,0.2089833800402101,0.49371433983578156,0.47644077538118407,1
2024-01-18 22:00:00,0.29010560566914,0.40187260836035876,0.5827024220890114,1
2024-01-18 23:00:00,0.1694439470588882,0.8590378836968269,0.6751608072519728,1
2024-01-19 00:00:00,0.4189259931582623,0.23434223549328378,0.6832977254591337,0
2024-01-19 01:00:00,0.5580505001945597,0.0934613572016845,0.4207355071056616,0
2024-01-19 02:00:00,0.6686813044880511,0.5886175505498668,0.4963921783033262,1
2024-01-19 03:00:00,0.46734742979237165,0.41184495264523435,0.5781867754779706,0
2024-01-19 04:00:00,0.6864792343281945,0.3144247208561574,0.48155581509004625,1
2024-01-19 05:00:00,0.26235779371622536,0.6389700495436459,0.819143568168397,1
2024-01-19 06:00:00,0.21678674290914834,0.551799415259422,0.6160909829257264,1
2024-01-19 07:00:00,0.4490724790332987,0.4002065065872263,0.6604535807885208,0
2024-01-19 08:00:00,0.5110422027851516,0.2658117505321013,0.6473583965695144,0
2024-01-19 09:00:00,0.45229392737968754,0.6697624321347597,0.7402282221461651,0
2024-01-19 10:00:00,0.16546735741559648,0.6280576199910111,0.5597146896360752,1
2024-01-19 11:00:00,0.44433998028086585,0.48744225926727774,0.29091330004079224,0
2024-01-19 12:00:00,0.27301919351551507,0.8525604333587435,0.5994871231313272,1
2024-01-19 13:00:00,0.5513025843704695,0.30525799426116884,0.40831640577930145,0
2024-01-19 14:00:00,0.5085799521900696,0.21979778769778174,0.4306411757294058,0
2024-01-19 15:00:00,0.3244132975853491,0.37622020637347886,0.6334409527824563,0
2024-01-19 16:00:00,0.3844658686607232,0.4974980193278772,0.7520161339313176,0
2024-01-19 17:00:00,0.3075915108316256,0.551712862211754,0.5306583474836073,1
2024-01-19 18:00:00,0.448067207035554,0.460785657420652,0.5829618492891961,0
2024-01-19 19:00:00,0.5915436075906655,0.5721126493406916,0.8363990119582536,1
2024-01-19 20:00:00,0.3179506153799869,0.27120929681053585,0.5705790565015312,0
2024-01-19 21:00:00,0.5279552400496783,0.7769642467025257,1.0,1
2024-01-19 22:00:00,0.38215536630135527,0.49063682240911477,0.6296478268403463,0
2024-01-19 23:00:00,0.3451360179540557,0.7157046648749847,0.20653061517746218,0
2024-01-20 00:00:00,0.44181526595976806,0.5703619306871208,0.6638119004714929,0
2024-01-20 01:00:00,0.3109705922272641,0.5917584635002697,0.5961168477279981,1
2024-01-20 02:00:00,0.37885797543156374,0.6129647616389724,0.7613777669725914,0
2024-01-20 03:00:00,0.2880447962058308,0.5900612964718446,0.6492318410645432,1
2024-01-20 04:00:00,0.7338586595811849,0.626654347140422,0.5016060834502092,1
2024-01-20 05:00:00,0.46187361602743526,0.7554580926267285,0.30410619257079924,1
2024-01-20 06:00:00,0.35826645770918253,0.5429277394888407,0.4887708592293252,0
2024-01-20 07:00:00,0.4870662278430009,0.6390915127921055,0.37209127145054893,0
2024-01-20 08:00:00,0.4410684812671464,0.4892136410477416,0.42120004281622986,0
2024-01-20 09:00:00,0.42575391011555874,0.7762798397371844,0.6338437193227853,1
2024-01-20 10:00:00,0.5434782457835743,0.3791316316876737,0.8305221837018688,1
2024-01-20 11:00:00,0.5636841992132644,0.8439857928888161,0.5985747044244576,1
2024-01-20 12:00:00,0.3821210373926689,0.4985165578945723,0.30927452508190195,0
2024-01-20 13:00:00,0.3757329487961649,0.23757697542543116,0.6076564972576108,0
2024-01-20 14:00:00,0.41813026949918397,0.530089813960553,0.7444402789366185,0
2024-01-20 15:00:00,0.1324141993462462,0.3782573362315619,0.4158781472447825,1
2024-01-20 16:00:00,0.24331499328629103,0.6637927989569501,0.5024134437575338,1
2024-01-20 17:00:00,0.6495830796526127,0.38359159121686465,0.5294609201176961,1
2024-01-20 18:00:00,0.6887843048984288,0.42232871584078857,0.3840270435982515,1
2024-01-20 19:00:00,0.4217975463364154,0.15149281379217822,0.6447027039232966,0
2024-01-20 20:00:00,0.5381766186075487,0.42117979910004355,0.5047905198349156,0
2024-01-20 21:00:00,0.5007778517282553,0.05122791348728871,0.6030965655035756,0
2024-01-20 22:00:00,0.890914743480367,0.20884362948921292,0.3653666193570268,1
2024-01-20 23:00:00,0.6147227192394,0.6487384083372179,0.44722164158088556,1
2024-01-21 00:00:00,0.43887091369462006,0.6535018203358445,0.6581806509914008,0
2024-01-21 01:00:00,0.3222057056972263,0.5858860522774806,0.45897607432350046,0
2024-01-21 02:00:00,0.23045126716558784,0.3246056062602477,0.8409005004038734,1
2024-01-21 03:00:00,0.4855838093766409,0.4970992141816139,0.45410096821600004,0
2024-01-21 04:00:00,0.3502843253966599,0.5053759252033396,0.5676564239986444,0
2024-01-21 05:00:00,0.2564158345492433,0.2886928841668832,0.6964148863028528,1
2024-01-21 06:00:00,0.3657590757682465,0.7881540929954804,0.26880796271376356,1
2024-01-21 07:00:00,0.3044431480734151,0.6706828140041108,0.20652223879692994,1
2024-01-21 08:00:00,0.6947293187865942,0.4645895346762829,0.24929326974550237,1
2024-01-21 09:00:00,0.581182376174409,0.511096856114668,0.7564361600969898,0
2024-01-21 10:00:00,0.4557788598370218,0.5451534929451762,0.42641387049946783,0
2024-01-21 11:00:00,0.6655218856974909,0.12293464834321018,0.9920908848703083,1
2024-01-21 12:00:00,0.46780887999922305,0.45967080940114874,0.4241603980784631,0
2024-01-21 13:00:00,0.3354924627888598,0.3780823421424936,0.5603567020009326,0
2024-01-21 14:00:00,0.6716087119586724,0.31810492696157855,0.8072780983122709,1
2024-01-21 15:00:00,0.5328697500459061,0.45330541252862067,0.8916702638911997,1
2024-01-21 16:00:00,0.3106881236288197,0.843375220174299,0.9017487121230521,1
2024-01-21 17:00:00,0.430071774014402,0.6263015973160838,0.7465746687563257,0
2024-01-21 18:00:00,0.3334718743452276,0.3988741738722885,0.7130523394255524,0
2024-01-21 19:00:00,0.261977433807262,0.6134930707332109,0.6345619057459422,1
,,,,
,,,,
,,,,
,,,,-
